"","Id","name","popularity","followers","profile","images","genre"
"1",1,"Glenn Frey",58,535250,"https://open.spotify.com/artist/3vMWY1bUrmYoSoEWLiQWOZ","https://i.scdn.co/image/ab676161000051741e869d920d97389beb490b43","album rock"
"2",2,"Steve Winwood",62,933034,"https://open.spotify.com/artist/5gxynDEKwNDgxGJmJjZyte","https://i.scdn.co/image/1bd7316c847371039652c7bf59335083af10d56e","art rock"
"3",3,"Eddie Money",60,777115,"https://open.spotify.com/artist/4Tw2N3wdvJPGEU7JqMxFfE","https://i.scdn.co/image/ab6761610000517459808090fb17e636132b0d2a","classic rock"
"4",4,"Bruce Hornsby",57,349082,"https://open.spotify.com/artist/2iM28IgKg89v1o7BTQAVPo","https://i.scdn.co/image/ab67616100005174ede2122c4ca030de3a67f3ad","classic rock"
"5",5,"Huey Lewis & The News",65,1395388,"https://open.spotify.com/artist/7A9yZMTrFZcgEWAX2kBfK6","https://i.scdn.co/image/ab676161000051748dfb95eb4902b28206963614","classic rock"
"6",6,"Jefferson Starship",52,883933,"https://open.spotify.com/artist/3HC7NcxQx2Yk0fWoRKJ0xF","https://i.scdn.co/image/ab676161000051740a7ad2d086997db5d77d8e47","art rock"
"7",7,"John Mellencamp",67,1478383,"https://open.spotify.com/artist/3lPQ2Fk5JOwGWAF3ORFCqH","https://i.scdn.co/image/ab6761610000517439cf2e0c338c08d5b8350053","classic rock"
"8",8,"Jackson Browne",65,1180057,"https://open.spotify.com/artist/5lkiCO9UQ8B23dZ1o0UV4m","https://i.scdn.co/image/ab6761610000517400b0bd0385952164fd4a5710","classic rock"
"9",9,"Rick Springfield",61,728056,"https://open.spotify.com/artist/6IFXsrXBpwbIqtOUOiAa3p","https://i.scdn.co/image/ab676161000051745cc5140fd4e3342f3a6d25ff","australian rock"
"10",10,"Little River Band",59,1041957,"https://open.spotify.com/artist/6clbbhnIqpHnqxwtOWcilg","https://i.scdn.co/image/ab676161000051748d20c06dc6316ee8d35b351e","art rock"
"11",11,"38 Special",60,1072366,"https://open.spotify.com/artist/3zXw2Eh96iTT51pytzHdZi","https://i.scdn.co/image/30b95555f6ada5b6ad259d865e5bbf791534999b","classic rock"
"12",12,"REO Speedwagon",66,2195614,"https://open.spotify.com/artist/55vs7NT1KxcFjbMC4y202E","https://i.scdn.co/image/ab67616100005174fc5a03aa1823cfbe08b8b2ed","classic rock"
"13",13,"The J. Geils Band",59,743630,"https://open.spotify.com/artist/69Mj3u4FTUrpyeGNSIaU6F","https://i.scdn.co/image/43d20bdb99de92558563c95a365c92ab8b1f81a6","art rock"
"14",14,"Mr. Mister",58,486765,"https://open.spotify.com/artist/7Bah8E0kCETqEpAHI6CPzQ","https://i.scdn.co/image/92309a20e867ae475181debd2b3bf2e2ce8e8d2c","mellow gold"
"15",15,"Joe Walsh",58,1116610,"https://open.spotify.com/artist/5bDxAyJiTYBat1YnFJhvEK","https://i.scdn.co/image/eafdd5b0d74bebaa1fc64591e050039d6a9debec","blues rock"
"16",16,"Loverboy",57,782631,"https://open.spotify.com/artist/2CLVPk9FcywjClBcTvWPkT","https://i.scdn.co/image/ab6761610000517402a7fb52455eea92035311dc","classic canadian rock"
"17",17,"Steve Perry",59,549948,"https://open.spotify.com/artist/5xQKoGD7Ql92fWd1uWwKkf","https://i.scdn.co/image/ab6761610000517474b5ad3c74225ab1c7b31665","mellow gold"
"18",18,"Firefall",48,190398,"https://open.spotify.com/artist/1tfXh4XxILEuMU2qZupFn8","https://i.scdn.co/image/ab6761610000517430adcaa6c2679f09255fffa6","classic rock"
"19",19,"Mike + The Mechanics",60,601496,"https://open.spotify.com/artist/2yTUYhIf8fxptTIy3KLuJD","https://i.scdn.co/image/a6e2554ee5d46ddbfc3095ded51958cccfb0e766","art rock"
"20",20,"The Doobie Brothers",69,2169508,"https://open.spotify.com/artist/39T6qqI0jDtSWWioX8eGJz","https://i.scdn.co/image/ab6761610000517468a38c02f356fae44e7dd63b","art rock"
"21",21,"Don Henley",65,1396135,"https://open.spotify.com/artist/5dbuFbrHa1SJlQhQX9OUJ2","https://i.scdn.co/image/6318212047d0b26c06f21149e525257e8a161651","art rock"
"22",24,"Robert Palmer",61,887786,"https://open.spotify.com/artist/530Sdm7eqqzWBdDmILMgnu","https://i.scdn.co/image/4efdf990608b73dab16cba6c80c530cb6f970aa5","art rock"
"23",31,"Ambrosia",54,337391,"https://open.spotify.com/artist/0J2Ej2rMQyqaUX3G6MUISw","https://i.scdn.co/image/1bc5d2c53780cd995ec55ec666c7241c932a2232","album rock"
"24",32,"Boz Scaggs",60,702100,"https://open.spotify.com/artist/46njgd2Rq9tZc4ZjeQMgbh","https://i.scdn.co/image/ab67616100005174143feea39a3275bfc4ea5f11","album rock"
"25",37,"Glass Tiger",47,130731,"https://open.spotify.com/artist/53RaPTbZOx2mBoZD6LLWIv","https://i.scdn.co/image/ab67616100005174e9ce4b69d5919d5997715aa5","classic canadian rock"
"26",38,"Wang Chung",56,288200,"https://open.spotify.com/artist/6Zh3xrWlA0SA9Fsfj9AVwm","https://i.scdn.co/image/3cc6fe2f6ee10954302d1b24dacc140585fedbd8","mellow gold"
"27",39,"Atlanta Rhythm Section",50,252022,"https://open.spotify.com/artist/0WgyCbru4tXnMsbTmX4mFw","https://i.scdn.co/image/ab67616100005174d8bf9437c1c695ca517c9710","art rock"
"28",40,"Christopher Cross",65,871792,"https://open.spotify.com/artist/695W5F2Ih8dYahLdjVOIoH","https://i.scdn.co/image/ab67616100005174a2e75d072e19a6150744f924","album rock"
"29",41,"Shawn Mullins",45,42322,"https://open.spotify.com/artist/4TROLx8HvrnfGGNo2ngL2N","https://i.scdn.co/image/61fd30ee9e58ced3b79b627104e912cb588db0fd","pop rock"
"30",45,"Joan Osborne",56,176479,"https://open.spotify.com/artist/0djV4iaxhNfYWpH60ia85o","https://i.scdn.co/image/ab67616100005174e521dfff71ae1299e3a02e26","new wave pop"
"31",46,"James Taylor",69,2250252,"https://open.spotify.com/artist/0vn7UBvSQECKJm2817Yf1P","https://i.scdn.co/image/ab676161000051745921cb8f2ec7bf6b5e725bcc","classic rock"
"32",47,"Melissa Etheridge",54,415160,"https://open.spotify.com/artist/01Ppu7N8uYJI8SAONo2YZA","https://i.scdn.co/image/ab676161000051748991ee3a3cbd9f1c4518805a","lilith"
"33",48,"Joshua Kadison",51,27159,"https://open.spotify.com/artist/2VrP5BkyzDhY43dWMlaYjD","https://i.scdn.co/image/4ef3277c0d7af7b43efb3b2bd70c5d6736c08e2f",NA
"34",49,"Bonnie Raitt",63,616606,"https://open.spotify.com/artist/4KDyYWR7IpxZ7xrdYbKrqY","https://i.scdn.co/image/ab67616100005174e86f788af4e127154da1257f","country rock"
"35",50,"Shawn Colvin",47,122624,"https://open.spotify.com/artist/0K7VN4aHxHcEb7PqkfoIVA","https://i.scdn.co/image/ab676161000051746109c02314ee803e3cd73548","country rock"
"36",51,"Natalie Merchant",54,368970,"https://open.spotify.com/artist/73JEBdDEFeVaOLg3y0HhBD","https://i.scdn.co/image/ab67616100005174e122412565ab5dbadc6457b1","lilith"
"37",52,"Sheryl Crow",69,989699,"https://open.spotify.com/artist/4TKTii6gnOnUXQHyuo9JaD","https://i.scdn.co/image/ab67616100005174f27acad0bc622073d9cab662","mellow gold"
"38",53,"Jennifer Warnes",64,68227,"https://open.spotify.com/artist/1BwHztAQKypBuy5WBEdJnG","https://i.scdn.co/image/8b43cc4491dbb8688550f10629bb1ddf1f5a62a4",NA
"39",54,"Amanda Marshall",40,48792,"https://open.spotify.com/artist/2ON3fLFbL1rHfHEjeYNKsO","https://i.scdn.co/image/4cbc73c31420cf60d10a9897f8e2f25f0bc75bd6","lilith"
"40",55,"Carole King",64,1333139,"https://open.spotify.com/artist/319yZVtYM9MBGqmSQnMyY6","https://i.scdn.co/image/301e3043680239e36e2e95b24fdb48a15762ab65","brill building pop"
"41",56,"Tracy Chapman",71,1411234,"https://open.spotify.com/artist/7oPgCQqMMXEXrNau5vxYZP","https://i.scdn.co/image/fe0085416276eb64c28eda1d2ef1feecbaa16d60","lilith"
"42",57,"Van Morrison",74,2739181,"https://open.spotify.com/artist/44NX2ffIYHr6D4n7RaZF7A","https://i.scdn.co/image/ab676161000051745885f6c2d3ecf8e08bdfa472","folk"
"43",58,"Bruce Springsteen",78,5351229,"https://open.spotify.com/artist/3eqjTLE0HfPfh78zjh6TqT","https://i.scdn.co/image/ab67616100005174f7cac48c6b587b927ba73f4e","heartland rock"
"44",59,"Billy Joel",78,4931539,"https://open.spotify.com/artist/6zFYqv1mOsgBRQbae3JJ9e","https://i.scdn.co/image/ab67616100005174712c7643e8aa18a4aca6c811","mellow gold"
"45",60,"Carly Simon",65,983492,"https://open.spotify.com/artist/4FtSnMlCVxCswABUmdhwpm","https://i.scdn.co/image/ab67616100005174d167409d8eff3cc0e9aeb21d","classic rock"
"46",63,"Cutting Crew",63,355206,"https://open.spotify.com/artist/3cniTumSiUysiPWXapGx1i","https://i.scdn.co/image/ab676161000051745677d41157dee225b3633737","mellow gold"
"47",66,"Paul Davis",47,123430,"https://open.spotify.com/artist/6EJmqnuK0r6qiAevFFiNNR","https://i.scdn.co/image/7fb9a7adf5fe2603da53a149407788ac8fd36b5d","bubblegum pop"
"48",67,"Eric Carmen",63,305599,"https://open.spotify.com/artist/2ekjTXgjxbWwBX5lTAj4DU","https://i.scdn.co/image/b418a2d5dd360a27bbe6bb3bf80246a64eb992e2","album rock"
"49",69,"Corey Hart",52,254401,"https://open.spotify.com/artist/0smy8yDrRoI4CnhpOuthg0","https://i.scdn.co/image/ab67616100005174a57b441a0f3f911a3c39bbef","mellow gold"
"50",71,"Peter Cetera",63,825045,"https://open.spotify.com/artist/5xWPOujQqd4wXyB08slZ9Z","https://i.scdn.co/image/8d734393d132bf93acab534772bfd441aa3407f1","mellow gold"
"51",72,"Paul Carrack",58,163546,"https://open.spotify.com/artist/0FFuvdY7fuiuTmHN9unYoz","https://i.scdn.co/image/ab676161000051749f475bbebf716a08ec2d540a","new wave pop"
"52",73,"Quarterflash",45,104199,"https://open.spotify.com/artist/3VJakY5Yw5phAOF4Bada5v","https://i.scdn.co/image/f5892fe0d5511efac5384da7e37d9ef4d613c139","mellow gold"
"53",74,"Daryl Hall",45,171901,"https://open.spotify.com/artist/5jit9WjiAxxvdA0onOHBLd","https://i.scdn.co/image/ab67616100005174d896a9db8e5b47d182a78a01","new wave pop"
"54",75,"Starship",66,886326,"https://open.spotify.com/artist/0kObWap02DEg9EAJ3PBxzf","https://i.scdn.co/image/485b9c07ffe6a1a34562c5dff6a231dae181a748","mellow gold"
"55",76,"John Waite",56,226221,"https://open.spotify.com/artist/2TPyCsRoh2tjeZLTQ2ojlj","https://i.scdn.co/image/da58bd9c8eb882cb2b29b05f4f99449808659164","mellow gold"
"56",77,"Lou Gramm",45,106705,"https://open.spotify.com/artist/7CnmC3gRgLev4I609BrSxj","https://i.scdn.co/image/31f98adfdcaaf31cbaca219ee21f133520d9ab82","mellow gold"
"57",79,"Sheena Easton",58,582874,"https://open.spotify.com/artist/5dcOK4stT4JDkP6Dqhbz5s","https://i.scdn.co/image/abf2b9f11006846cd589026a50e0a0f7b74322fc","mellow gold"
"58",83,"John Parr",53,86587,"https://open.spotify.com/artist/3Z1tibPKhUYWCno0IYicCN","https://i.scdn.co/image/ab6761610000517492cf232d26e49a42e015f998","mellow gold"
"59",88,"Go West",52,229001,"https://open.spotify.com/artist/7bKupnlF7XOfR1En3K8oAL","https://i.scdn.co/image/f26cd438ecc03700b192ce8ad90e775897a2edfe","new romantic"
"60",89,"Johnny Hates Jazz",55,188120,"https://open.spotify.com/artist/6zpPKMhpOoG646kJgZ7RKf","https://i.scdn.co/image/ab6761610000517404f617be75de19acb3b08df0","new romantic"
"61",93,"Richard Marx",68,1136130,"https://open.spotify.com/artist/0grdhNhiRLFBaFVyybqsj6","https://i.scdn.co/image/ab6772690000dd225a23fa4fa56b6bb1483733d2","mellow gold"
"62",95,"The Power Station",42,123302,"https://open.spotify.com/artist/1EemADz12kjlGwkpY4EINv","https://i.scdn.co/image/49a69e9b1bf30cc21a2d309cbfddabea07b213bd","mellow gold"
"63",97,"Paul Young",60,844497,"https://open.spotify.com/artist/6rqU9HQ57NYGBnBzbrY3a4","https://i.scdn.co/image/ab676161000051748b1b108617e384c85ad5c3ec","mellow gold"
"64",99,"Kim Carnes",63,278962,"https://open.spotify.com/artist/5PN2aHIvLEM98XIorsPMhE","https://i.scdn.co/image/ab676161000051741ba0c0b42be17d19a8d67d15","new romantic"
"65",100,"Nik Kershaw",57,282110,"https://open.spotify.com/artist/7kCL98rPFsNKjAHDmWrMac","https://i.scdn.co/image/ab6761610000517468a6b441e694ee02110b44a1","new romantic"
"66",110,"Level 42",60,611860,"https://open.spotify.com/artist/0L9xkvBPcEp1nrhDrodxc5","https://i.scdn.co/image/ab67616100005174c416e89fd5d1eedab418f8de","brit funk"
"67",111,"The Hooters",54,82599,"https://open.spotify.com/artist/7uhvDINTTiD0XBrP9fquN1","https://i.scdn.co/image/ab6761610000517415896b67a6576aa8ee9f6cb3","mellow gold"
"68",114,"Chris de Burgh",63,469992,"https://open.spotify.com/artist/2RpHsROrX075xfIwHn6B2U","https://i.scdn.co/image/c08d785301a916ef239ec0b6bf7b2fd1c33f28ef","new wave pop"
"69",115,"Cock Robin",54,91344,"https://open.spotify.com/artist/1MOoTIFOvJ60ATvyRXPPXg","https://i.scdn.co/image/ab6772690000dd229ab26ec62ad35bcda97ac10d","mellow gold"
"70",118,"Fine Young Cannibals",61,751752,"https://open.spotify.com/artist/20p5D2KrE8CGuOjHtxsyTp","https://i.scdn.co/image/ab6761610000517461dce24c33b8b4d70fc587b6","dance rock"
"71",122,"Crosby, Stills & Nash",65,1701595,"https://open.spotify.com/artist/2pdvghEHZJtgSXZ7cvNLou","https://i.scdn.co/image/7d26d42a2969e495d8917b077501e02fca5da5e0","blues rock"
"72",123,"Poco",48,219333,"https://open.spotify.com/artist/0fyqyjD7pbaVzbu94ylWQR","https://i.scdn.co/image/8f808de6ce1199bf374db32a04283d79e5bb4673","classic rock"
"73",124,"Loggins & Messina",54,428553,"https://open.spotify.com/artist/7emRV8AluG3d4e5T0DZiK9","https://i.scdn.co/image/ab67616100005174b64e91f808f376f77b0763b3","classic rock"
"74",126,"Warren Zevon",58,366848,"https://open.spotify.com/artist/3mY9Ii0cL5SQxpOTAm8SHx","https://i.scdn.co/image/8720db0eca2c0b28b279aaab27b1b9b5a452ff7f","classic rock"
"75",127,"Dan Fogelberg",56,677398,"https://open.spotify.com/artist/0cA5Tg15TwARIRZeiNT1RO","https://i.scdn.co/image/a0157cda4fb9de5b010aad96ac276e6b6ff0472a","classic rock"
"76",128,"Jim Croce",67,1169425,"https://open.spotify.com/artist/1R6Hx1tJ2VOUyodEpC12xM","https://i.scdn.co/image/a231c19bbf27417afaf99cad6ef372054b38da28","classic rock"
"77",129,"Gordon Lightfoot",63,712767,"https://open.spotify.com/artist/23rleGXVOVVgTk3xgtmfE4","https://i.scdn.co/image/bd761ad35b18b3b01f28ef55a4929d97957d1c23","canadian singer-songwriter"
"78",130,"Pure Prairie League",50,221497,"https://open.spotify.com/artist/1MXwwmS2JpmsHZhdMeOL2s","https://i.scdn.co/image/8a7633fe877372b873e9a561d2d34c77de75d3c3","classic rock"
"79",131,"Seals and Crofts",58,634529,"https://open.spotify.com/artist/6jdObwsrIjSRnBbMw6lPBj","https://i.scdn.co/image/76ccb803ba5113aa822077dd9f1c3187ca9d323d","album rock"
"80",133,"Dave Mason",47,161263,"https://open.spotify.com/artist/2DWQX92uew7DlsgN0yD775","https://i.scdn.co/image/12bb289439585710d9d3fec856d27bc76e6d2156","blues rock"
"81",140,"Stephen Stills",53,263047,"https://open.spotify.com/artist/4WlSvDKaq1PA2Nr7cCIPxX","https://i.scdn.co/image/f1416500492144fd818c9d4c2443c009745fe607","classic rock"
"82",141,"Christine McVie",45,49335,"https://open.spotify.com/artist/6RCsx4p5smZHYz2P5HLcL2","https://i.scdn.co/image/ab67616100005174b908947c13b0d3ebcc39d652","rock keyboard"
"83",142,"Pete Townshend",51,341072,"https://open.spotify.com/artist/24Wa5wIZIo1sPkzVGP0B5p","https://i.scdn.co/image/7cac04d0c806f6a9e070e2a833bc7d7687f4561c","art rock"
"84",149,"Bob Welch",46,85616,"https://open.spotify.com/artist/0reZZVbAPxgX1Rqj6XbWj3","https://i.scdn.co/image/fc40d90d3245b5853b26f3ff1a1227c1d5f6f084","classic rock"
"85",150,"Al Stewart",56,240992,"https://open.spotify.com/artist/0DW7boyjvbaSP3OJ72sXgC","https://i.scdn.co/image/8c5e32b1ef51d9dd2f5d5fa075624417b3ede012","art rock"
"86",152,"Traveling Wilburys",63,1037690,"https://open.spotify.com/artist/2hO4YtXUFJiUYS2uYFvHNK","https://i.scdn.co/image/ab67616100005174abde33de707730af52c01bb0","art rock"
"87",153,"Jeff Lynne",47,193987,"https://open.spotify.com/artist/3bTAaMx9nf237AkBnGw3vL","https://i.scdn.co/image/ab6761610000517450a2ca3a65ee599bb195d44e","beatlesque"
"88",154,"Julian Lennon",45,70180,"https://open.spotify.com/artist/4Tvos0a5rRrBu4Oodu5f79","https://i.scdn.co/image/ab676161000051745e9eb9cd9c7fe28bf800ab66","mellow gold"
"89",156,"Todd Rundgren",57,313655,"https://open.spotify.com/artist/0Lpr5wXzWLtDWm1SjNbpPb","https://i.scdn.co/image/ab6772690000dd22decea50bc0ab048e84202186","art rock"
"90",158,"Robert Plant",59,1004136,"https://open.spotify.com/artist/1OwarW4LEHnoep20ixRA0y","https://i.scdn.co/image/7224341efb61919af1b7ce2b52081dba083bd6c7","art rock"
"91",159,"Pretenders",66,1328562,"https://open.spotify.com/artist/0GByy3DcfbQwDvXGCWmzv9","https://i.scdn.co/image/ab67616100005174e5127b3465a9065ef43a8a0a","art rock"
"92",160,"Mudcrutch",40,67878,"https://open.spotify.com/artist/2xLqrYZxa9GYSCVn0STgxV","https://i.scdn.co/image/df4faff1a7f3b66ab200d16f14d51e39efaca2c4","classic rock"
"93",173,"Night Ranger",54,635619,"https://open.spotify.com/artist/1Ha0Fz4i0d4gu5fZbhBCtH","https://i.scdn.co/image/ab676161000051749e8c55f799964f5194cc5999","classic rock"
"94",178,"The Babys",45,97561,"https://open.spotify.com/artist/6z7wrwE2QW7Keb9ozoF0rg","https://i.scdn.co/image/87686b766a965ec3791573da03733e6bf11af5a2","classic rock"
"95",181,"Head East",44,153247,"https://open.spotify.com/artist/55UamRmLvoS6q7iWPzUrCC","https://i.scdn.co/image/8639d57200febc3eac25d97421793acef7cd0388","blues rock"
"96",182,"Gary Wright",47,132572,"https://open.spotify.com/artist/3z6Uf5IZkN4TogRpRpgD84","https://i.scdn.co/image/5b6cb225b8c44ca2bf4507b3c47ee04f4cf424e2","classic rock"
"97",190,"Pablo Cruise",46,141973,"https://open.spotify.com/artist/3Y5abCLsMxsOLaZ8rYusSR","https://i.scdn.co/image/ab676161000051743d0e456d08f20432c949ae32","classic rock"
"98",196,"Orleans",55,148600,"https://open.spotify.com/artist/1667U2YoucgG5Pdvm2M59c","https://i.scdn.co/image/ab6761610000517473623115b3d4b9f03184d118","classic rock"
"99",198,"Three Dog Night",61,844515,"https://open.spotify.com/artist/4FAEZeJcsYYBkNq2D3KGTV","https://i.scdn.co/image/de4584ad4505189abd4c931cdc0d6bc24f97887b","art rock"
"100",200,"Bachman-Turner Overdrive",61,878514,"https://open.spotify.com/artist/5q4AzEtCoYJyXjMMoEkSU5","https://i.scdn.co/image/50741f1de4da40778401dfe57a73bde9ab0659ce","art rock"
"101",202,"Billy Squier",61,707908,"https://open.spotify.com/artist/3Fz2GbraVXhcpXnoi2Oe1r","https://i.scdn.co/image/b41cea376e7970dc32802f0d0a84c22cfedf3e47","classic rock"
"102",211,"Boston",68,2383348,"https://open.spotify.com/artist/29kkCKKGXheHuoO829FxWK","https://i.scdn.co/image/91457d2e1cd0e38d1b0af68699aeb85416dd4ab8","art rock"
"103",213,"Styx",64,1697471,"https://open.spotify.com/artist/4salDzkGmfycRqNUbyBphh","https://i.scdn.co/image/ab67616100005174fef3008e708e59efaa5667ed","art rock"
"104",214,"Heart",69,2190987,"https://open.spotify.com/artist/34jw2BbxjoYalTp8cJFCPv","https://i.scdn.co/image/6537feaf4a9da588202c9aa494dcc9b02f246ff5","classic rock"
"105",215,"Sammy Hagar",56,838283,"https://open.spotify.com/artist/1hXjTjJzZTXDZ75AclOo6N","https://i.scdn.co/image/ab676161000051749dc3e6da940b26f4695adc3b","classic rock"
"106",218,"Pat Benatar",65,1485365,"https://open.spotify.com/artist/43mhFhQ4JAknA7Ik1bOZuV","https://i.scdn.co/image/f881ba3e2dec37df305e172d9b5210b12fcd74cb","classic rock"
"107",228,"Stephen Bishop",56,222984,"https://open.spotify.com/artist/3JhRHqCi8HEzkJVWt19LtN","https://i.scdn.co/image/ab67616100005174ea31950c891f1fed632737fa","country rock"
"108",231,"Gino Vannelli",52,163617,"https://open.spotify.com/artist/6ltcwvni6HdZAJaWhmIvNR","https://i.scdn.co/image/ab676161000051748646ffdc18faeb6cfaa70bd6","classic canadian rock"
"109",237,"Nicolette Larson",45,57453,"https://open.spotify.com/artist/0NCXrh1XOnHNp4mM0JUFJw","https://i.scdn.co/image/5a980dc7d06323504b02259cbd9daf2f2f0e9171","classic uk pop"
"110",238,"Michael McDonald",57,438859,"https://open.spotify.com/artist/24hJWbo98sH84tb0nkeaqy","https://i.scdn.co/image/ab676161000051748dd51e1c2fd885e5cbd413e8","soft rock"
"111",239,"Donald Fagen",48,206885,"https://open.spotify.com/artist/0S1SjYebdSaiMpI8xSW2Wb","https://i.scdn.co/image/a4506fc3252ba8e7f8e6246748602515d9a5fe58","jazz fusion"
"112",242,"Jonathan Edwards",49,24347,"https://open.spotify.com/artist/7gyVuJLsatWofXCAw1SGxM","https://i.scdn.co/image/07005c54e5c6a21404bb48cf6e7d8e23fe777fea","folk"
"113",248,"JD Souther",42,55752,"https://open.spotify.com/artist/0I7UnRLIdCD310ZBgeuqh5","https://i.scdn.co/image/80009948e117ff9e75284daa9b3279dadadfbf67","folk rock"
"114",249,"The Ozark Mountain Daredevils",48,166839,"https://open.spotify.com/artist/7jM2XoJBKhdL8oNnDr4re9","https://i.scdn.co/image/ab676161000051744f513dc179897605e6bb2921","classic rock"
"115",251,"Harry Chapin",54,314428,"https://open.spotify.com/artist/42q4Ivs7tAiCZ5C7eG5q4c","https://i.scdn.co/image/ab67616d00001e028756752bf0c0720a41c95bbc","country rock"
"116",252,"Jesse Colin Young",35,46135,"https://open.spotify.com/artist/2pJn4djuWrNQbNfrxHB13M","https://i.scdn.co/image/ab67616100005174bd37fef5b2562e757ff71ecc","folk"
"117",271,"Chris Hillman",36,16859,"https://open.spotify.com/artist/70FybmH2MMz9fHewhnLvjs","https://i.scdn.co/image/ab67616100005174f11c1bd0178c61837deb70a4","roots rock"
"118",272,"New Riders of the Purple Sage",38,92210,"https://open.spotify.com/artist/2D3v3HJ9k3UzehaewnT3QA","https://i.scdn.co/image/ab6761610000517460bdbf5ea56d4b938d785c05","cosmic american"
"119",290,"Daryl Hall & John Oates",74,2024555,"https://open.spotify.com/artist/77tT1kLj6mCWtFNqiOmP9H","https://i.scdn.co/image/ab67616100005174ae81417d966e209b735b1160","classic rock"
"120",292,"The Romantics",58,343028,"https://open.spotify.com/artist/3daM7asS0gCFvyLemNx2EE","https://i.scdn.co/image/ab67616100005174b39679d47a3857df9ad4a750","classic rock"
"121",294,"Kenny Loggins",70,933528,"https://open.spotify.com/artist/3Y3xIwWyq5wnNHPp5gPjOW","https://i.scdn.co/image/ab67616100005174e5ade0d346536449c7a75b48","mellow gold"
"122",298,"The Cars",68,1549642,"https://open.spotify.com/artist/6DCIj8jNaNpBz8e5oKFPtp","https://i.scdn.co/image/8d639299dee8947d3142135f4f84dff636ff9516","art rock"
"123",312,"Howard Jones",52,374943,"https://open.spotify.com/artist/6loBF9iQdE11WSX29fNKqY","https://i.scdn.co/image/ab6761610000517493e7c004e39b91f88d1088af","new romantic"
"124",313,"ABC",55,337797,"https://open.spotify.com/artist/2s79xe5F6eUQkjwjww27Fh","https://i.scdn.co/image/a171d1f68d74b323e0bfd32f7bab6bb52ccf0e79","dance rock"
"125",315,"Joe Jackson",57,354453,"https://open.spotify.com/artist/6KOqPxwfNAmZPkiCnDE9yT","https://i.scdn.co/image/110f89032c6e6a97a5002758a667671a2c2ec5ae","art rock"
"126",318,"Bryan Ferry",61,519697,"https://open.spotify.com/artist/5RNFFojXkPRmlJZIwXeKQC","https://i.scdn.co/image/ab67616100005174039e35b7703bade5d61bd906","art rock"
"127",319,"Thompson Twins",53,588363,"https://open.spotify.com/artist/5jVeqi3PNaTOajfvBa4uFn","https://i.scdn.co/image/ab67616100005174e1d9c03cc2d86e3babc83c59","new romantic"
"128",330,"Honeymoon Suite",44,106703,"https://open.spotify.com/artist/7kFyhQTV7cbd3iSYW2yt1Q","https://i.scdn.co/image/ab67616100005174f2fd95e6a237fcf9d5e81368","canadian metal"
"129",332,"Red Rider",46,81518,"https://open.spotify.com/artist/4EGlaDAVZTNNknDdKHrHRp","https://i.scdn.co/image/119631d62c1c428a67af71aac0244d7a31419c86","classic canadian rock"
"130",333,"Platinum Blonde",36,49477,"https://open.spotify.com/artist/5oxTKyMgf6POnzlqM1mduA","https://i.scdn.co/image/77ba4ce76f7dad558c3341da762ecc9f922c8295",NA
"131",337,"Gowan",36,40703,"https://open.spotify.com/artist/732h1QEXVf21E1QTOmOAQY","https://i.scdn.co/image/cb71db74c5f4b7814bfe29294a62fbef44a97f2e",NA
"132",338,"Benjamin Orr",38,14753,"https://open.spotify.com/artist/6FV7vG3YdZqITxCEbUK98Y","https://i.scdn.co/image/0752abd08d9bf1c28b84a2af6d3f43f7764e6732",NA
"133",340,"Tom Cochrane",54,68401,"https://open.spotify.com/artist/5Jj4mqGYiplyowPLKkJLHt","https://i.scdn.co/image/ab6761610000517494f10b4dcc21643b18de8eef","classic canadian rock"
"134",356,"Player",57,120917,"https://open.spotify.com/artist/0fgtHVpOPfXb07S8Jx443z","https://i.scdn.co/image/635cb07d65810d2dcb6c1219612e6f210aac48a2","soft rock"
"135",359,"England Dan & John Ford Coley",60,246682,"https://open.spotify.com/artist/01W8kYNqFHyKicPfR0pLwO","https://i.scdn.co/image/ab67616d00001e02b28344e9f8f359a95aa9cfe6","bubblegum pop"
"136",370,"Art Garfunkel",52,507678,"https://open.spotify.com/artist/6kEsKkXuE4olX7m3mNLZkS","https://i.scdn.co/image/225d07c2114bf7b48176a02037c3eedf5f854c17","folk"
"137",372,"David Gates",50,168816,"https://open.spotify.com/artist/5BmXbfqAgfkuTkPlVQDKOW","https://i.scdn.co/image/8accf4a163624757776ff0ea758d6afeccd11ce2","country rock"
"138",376,"Bread",68,1421118,"https://open.spotify.com/artist/70ZTdbPEcEugBNay4MvxfL","https://i.scdn.co/image/092947796bb76c60e9cf3c5a9f93166833ee08dc","folk rock"
"139",378,"Rita Coolidge",54,210672,"https://open.spotify.com/artist/1vnIL4DMlivP55ioM6KitW","https://i.scdn.co/image/ea780f952e56bd2e05d5bbdbaee6e7e141bcc19b","bubblegum pop"
"140",379,"Captain & Tennille",56,410280,"https://open.spotify.com/artist/7BEfMxbaqx6dOpbtlEqScm","https://i.scdn.co/image/4f2f9946d13c03740d4a033c662bb3995d0c00e1","bubblegum pop"
"141",380,"Melissa Manchester",45,196290,"https://open.spotify.com/artist/78udmCDNaDu5jqfVnBqwia","https://i.scdn.co/image/ab67616100005174b3264495f758dc8bc140be96","bubblegum pop"
"142",382,"Robbie Dupree",48,49077,"https://open.spotify.com/artist/3jrgftS3TYbNxcPt5itKhz","https://i.scdn.co/image/53acd090ea1f5f1fdae4bcd2d27a96f71898c992","soft rock"
"143",389,"Bertie Higgins",45,18929,"https://open.spotify.com/artist/4qzZ6bMrjK27yHGVjs4Pvq","https://i.scdn.co/image/ca54b7e21ad6afb8412d21b2063ace6297d386d6",NA
"144",399,"Robert John",43,14835,"https://open.spotify.com/artist/3pbKylceBTiUa0fZk4J4sJ","https://i.scdn.co/image/ab67616d00001e021be24704f79a13b31882c1db","soft rock"
